youlice789,0469c1a0-3585-440d-be25-e8aa537d8818
topychan,83bb4377-134a-4f0b-bc44-51c1de6ca7c4
icy_kookie,31b35303-32d8-40d9-869c-fd150c89dd82
neonexus,967918a9-1609-4b90-9e85-a3ed7f1fa40e
nineball__,58e7b73d-7d22-4dc2-93e4-ae1a617100c1
hann_so,6035cb05-411f-41b9-b638-0935f7405c3f
logann45,1da148dd-853a-4c20-a701-bf0c8a1549e7
tritaon,6b583277-ed50-41ed-ab73-772f5fc285ed
merifff,c2d556c2-1a91-4b3d-a350-76eabfa0cf0a
naruto53960,1b683203-a901-4239-b4b5-8a9ac9a5060d
sir_moumoule,c29d8c0e-9aa8-4375-8b4d-47dc4d3a0dcc
